opName,kind,domain,clientGraphql,target,apiMcpName,status,mismatchReason,proposedFix
"updateActivity","mutation","Actividades","mutation ($args:inputActivity){ updateActivity(args:$args) }","api-mcp","updateActivityV2","alias","Schema apiapp(args:inputActivity!) === api-mcp updateActivityV2(args:inputActivity!) — wrapper compat","Cliente: renombrar `updateActivity` → `updateActivityV2` en Fetching.ts (misma estructura args)"
"updateActivityLink","mutation","Actividades","mutation ($args:inputActivityLink){ updateActivityLink(args:$args) }","api-mcp","updateActivityLink","exact","","Sin cambio (api-mcp tiene la firma idéntica via apiapp compat)"
"addCompartition","mutation","Compartir evento (permisos)","mutation($args:inputCompartition){ addCompartition(args:$args){ compartido_array detalles_compartidos_array{ email uid permissions{ title value } createdAt updatedAt } } }","api-mcp","addCompartition","exact-pending-validation","Nombre coincide. Validar schema args/return 1-1 (queries con args distintos detectados: getPsTemplate, crearEvento, updateActivity)","Probar callsite real con apps/appEventos · adaptar Fetching.ts si surge GRAPHQL_VALIDATION_FAILED"
"deleteCompartition","mutation","Compartir evento (permisos)","mutation($args:inputCompartition){ deleteCompartition(args:$args) }","api-mcp","deleteCompartition","exact-pending-validation","Nombre coincide. Validar schema args/return 1-1 (queries con args distintos detectados: getPsTemplate, crearEvento, updateActivity)","Probar callsite real con apps/appEventos · adaptar Fetching.ts si surge GRAPHQL_VALIDATION_FAILED"
"updateCompartition","mutation","Compartir evento (permisos)","mutation($args:inputCompartition){ updateCompartition(args:$args) }","api-mcp","updateCompartition","exact-pending-validation","Nombre coincide. Validar schema args/return 1-1 (queries con args distintos detectados: getPsTemplate, crearEvento, updateActivity)","Probar callsite real con apps/appEventos · adaptar Fetching.ts si surge GRAPHQL_VALIDATION_FAILED"
"createEmailTemplate","mutation","Email Templates","mutation($evento_id:String, $design:JSON, $configTemplate:inputCongigTemplate, $html:String){ createEmailTemplate(evento_id:$evento_id, design:$design, configTemplate:$configTemplate, html:$html){ _id createdAt updatedAt } }","api-mcp","createEmailTemplate","exact-pending-validation","Nombre coincide. Validar schema args/return 1-1 (queries con args distintos detectados: getPsTemplate, crearEvento, updateActivity)","Probar callsite real con apps/appEventos · adaptar Fetching.ts si surge GRAPHQL_VALIDATION_FAILED"
"deleteEmailTemplate","mutation","Email Templates","mutation($evento_id:String, $template_id:String){ deleteEmailTemplate(evento_id:$evento_id, template_id:$template_id) }","api-mcp","deleteEmailTemplate","exact-pending-validation","Nombre coincide. Validar schema args/return 1-1 (queries con args distintos detectados: getPsTemplate, crearEvento, updateActivity)","Probar callsite real con apps/appEventos · adaptar Fetching.ts si surge GRAPHQL_VALIDATION_FAILED"
"getEmailTemplate","query","Email Templates","query ($template_id:String){ getEmailTemplate(template_id:$template_id){ design } }","api-mcp","getEmailTemplate","exact-pending-validation","Nombre coincide. Validar schema args/return 1-1 (queries con args distintos detectados: getPsTemplate, crearEvento, updateActivity)","Probar callsite real con apps/appEventos · adaptar Fetching.ts si surge GRAPHQL_VALIDATION_FAILED"
"getEmailValid","query","Email Templates","query ($email :String){ getEmailValid(email:$email){ valid validators{ regex{ valid, reason } typo{ valid, reason } disposable{ valid, reason } mx{ valid, reason } smtp{ valid, reason } } reason } }","api-mcp-MISSING","","missing","No existe en api-mcp typeDefs (verificado SSH /var/www/api-production/src/graphql/typeDefs/)","Backend debe implementar en api-mcp · o decidir si deprecar callsite cliente"
"getPreviewsEmailTemplates","query","Email Templates","query ($evento_id:String){ getPreviewsEmailTemplates(evento_id:$evento_id){ _id configTemplate{ name subject } preview createdAt updatedAt } }","api-mcp","getPreviewsEmailTemplates","exact-pending-validation","Nombre coincide. Validar schema args/return 1-1 (queries con args distintos detectados: getPsTemplate, crearEvento, updateActivity)","Probar callsite real con apps/appEventos · adaptar Fetching.ts si surge GRAPHQL_VALIDATION_FAILED"
"getVariableEmailTemplate","query","Email Templates","query ($template_id:String, $selectVariable:String){ getVariableEmailTemplate(template_id:$template_id, selectVariable:$selectVariable){ _id configTemplate{ name subject } preview html design createdAt updatedAt } }","api-mcp-MISSING","","missing","No existe en api-mcp typeDefs (verificado SSH /var/www/api-production/src/graphql/typeDefs/)","Backend debe implementar en api-mcp · o decidir si deprecar callsite cliente"
"updateEmailTemplate","mutation","Email Templates","mutation($evento_id:String, $template_id:String, $design:JSON, $configTemplate:inputCongigTemplate, $html:String){ updateEmailTemplate(evento_id:$evento_id, template_id:$template_id, design:$design, configTemplate:$configTemplate, html:$html) }","api-mcp","updateEmailTemplate","exact-pending-validation","Nombre coincide. Validar schema args/return 1-1 (queries con args distintos detectados: getPsTemplate, crearEvento, updateActivity)","Probar callsite real con apps/appEventos · adaptar Fetching.ts si surge GRAPHQL_VALIDATION_FAILED"
"borrarEvento","mutation","Eventos","mutation ($eventoID : String!) { borrarEvento(evento_id:$eventoID){ modificado } }","api-mcp","borrarEvento","exact-pending-validation","Nombre coincide. Validar schema args/return 1-1 (queries con args distintos detectados: getPsTemplate, crearEvento, updateActivity)","Probar callsite real con apps/appEventos · adaptar Fetching.ts si surge GRAPHQL_VALIDATION_FAILED"
"crearEvento","mutation","Eventos","mutation ( $nombre: String, $tipo: String!, $fecha: String, $pais: String, $poblacion: String, $usuario_id: String! $usuario_nombre: String! $timeZone: String, $development: String! ){ crearEvento( nombre: $nombre, tipo: $tipo, fecha: $fecha, pais: $pais, poblacion: $poblacion, usuario_id: $usuario_id, usuario_nombre: $usuario_nombre, timeZone: $timeZone, development: $development ){ _id grupos_array compartido_array detalles_compartidos_array{ email uid","api-mcp","crearEvento","exact-pending-validation","Nombre coincide. Validar schema args/return 1-1 (queries con args distintos detectados: getPsTemplate, crearEvento, updateActivity)","Probar callsite real con apps/appEventos · adaptar Fetching.ts si surge GRAPHQL_VALIDATION_FAILED"
"editEvento","mutation","Eventos","mutation($evento_id: String!, $variable_reemplazar: String, $valor_reemplazar: String){ editEvento( evento_id:$evento_id variable_reemplazar:$variable_reemplazar valor_reemplazar:$valor_reemplazar ){ _id listaRegalos } }","api-mcp","editEvento","exact-pending-validation","Nombre coincide. Validar schema args/return 1-1 (queries con args distintos detectados: getPsTemplate, crearEvento, updateActivity)","Probar callsite real con apps/appEventos · adaptar Fetching.ts si surge GRAPHQL_VALIDATION_FAILED"
"editEvento","mutation","Eventos","mutation ($idEvento: String!, $variable:String, $value : String){ editEvento( evento_id: $idEvento, variable_reemplazar: $variable, valor_reemplazar: $value ){ _id } }","api-mcp","editEvento","exact-pending-validation","Nombre coincide. Validar schema args/return 1-1 (queries con args distintos detectados: getPsTemplate, crearEvento, updateActivity)","Probar callsite real con apps/appEventos · adaptar Fetching.ts si surge GRAPHQL_VALIDATION_FAILED"
"getEventTicket","query","Eventos","query ( $args:inputEventTicket, $sort:sortCriteriaEventTicket, $skip:Int, $limit:Int ) { getEventTicket(args:$args, sort:$sort, skip:$skip, limit:$limit ){ total results{ _id title createdAt updatedAt } } }","api-mcp-MISSING","","missing","No existe en api-mcp typeDefs (verificado SSH /var/www/api-production/src/graphql/typeDefs/)","Backend debe implementar en api-mcp · o decidir si deprecar callsite cliente"
"queryenEvento","query","Eventos","query ($variable: String, $valor: String, $development: String!) { queryenEvento( variable:$variable, valor:$valor, development:$development){ _id development grupos_array compartido_array detalles_compartidos_array{ email uid planSpaceSelect permissions{ title value } createdAt updatedAt } estatus color temporada estilo tematica tarta nombre fecha_actualizacion fecha_creacion tipo usuario_id usuario_nombre","api-mcp","queryenEvento","exact-pending-validation","Nombre coincide. Validar schema args/return 1-1 (queries con args distintos detectados: getPsTemplate, crearEvento, updateActivity)","Probar callsite real con apps/appEventos · adaptar Fetching.ts si surge GRAPHQL_VALIDATION_FAILED"
"queryenEvento_id","query","Eventos","query($_id: String){ queryenEvento_id( var_1:$_id ){ _id nombre listaRegalos } }","api-mcp","queryenEvento_id","exact-pending-validation","Nombre coincide. Validar schema args/return 1-1 (queries con args distintos detectados: getPsTemplate, crearEvento, updateActivity)","Probar callsite real con apps/appEventos · adaptar Fetching.ts si surge GRAPHQL_VALIDATION_FAILED"
"getVariablesTemplatesInvitaciones","query","Invitaciones","query($evento_id:ID){ getVariablesTemplatesInvitaciones(evento_id:$evento_id) }","api-mcp","getVariablesTemplatesInvitaciones","exact-pending-validation","Nombre coincide. Validar schema args/return 1-1 (queries con args distintos detectados: getPsTemplate, crearEvento, updateActivity)","Probar callsite real con apps/appEventos · adaptar Fetching.ts si surge GRAPHQL_VALIDATION_FAILED"
"testInvitacion","mutation","Invitaciones","mutation ($evento_id: String, $email: String, $phoneNumber: String, $lang: String){ testInvitacion(evento_id:$evento_id, email:$email, phoneNumber:$phoneNumber, lang:$lang) }","api-mcp","testInvitacion","exact-pending-validation","Nombre coincide. Validar schema args/return 1-1 (queries con args distintos detectados: getPsTemplate, crearEvento, updateActivity)","Probar callsite real con apps/appEventos · adaptar Fetching.ts si surge GRAPHQL_VALIDATION_FAILED"
"borraInvitados","mutation","Invitados","mutation ($eventID:String, $guests: [String]){ borraInvitados(evento_id:$eventID, invitados_ids_array:$guests){ invitados_array{ _id nombre sexo grupo_edad correo telefono nombre_mesa puesto asistencia rol father passesQuantity } } }","api-mcp","borraInvitados","exact-pending-validation","Nombre coincide. Validar schema args/return 1-1 (queries con args distintos detectados: getPsTemplate, crearEvento, updateActivity)","Probar callsite real con apps/appEventos · adaptar Fetching.ts si surge GRAPHQL_VALIDATION_FAILED"
"creaInvitado","mutation","Invitados","mutation ($eventID: String, $invitados_array: [invitAinput]) { creaInvitado(evento_id: $eventID, invitados_array: $invitados_array){ invitados_array{ father _id nombre grupo_edad correo telefono father passesQuantity nombre_mesa nombre_menu puesto asistencia rol correo sexo invitacion fecha_invitacion } } }","api-mcp","creaInvitado","exact-pending-validation","Nombre coincide. Validar schema args/return 1-1 (queries con args distintos detectados: getPsTemplate, crearEvento, updateActivity)","Probar callsite real con apps/appEventos · adaptar Fetching.ts si surge GRAPHQL_VALIDATION_FAILED"
"editInvitado","mutation","Invitados","mutation ($eventID:String, $guestID:String, $variable: String, $value:String) { editInvitado( evento_id:$eventID, invitado_id:$guestID, variable_reemplazar:$variable, valor_reemplazar:$value){ _id nombre grupo_edad correo telefono nombre_mesa nombre_menu puesto asistencia rol correo sexo invitacion fecha_invitacion movil poblacion pais direccion passesQuantity } }","api-mcp","editInvitado","exact-pending-validation","Nombre coincide. Validar schema args/return 1-1 (queries con args distintos detectados: getPsTemplate, crearEvento, updateActivity)","Probar callsite real con apps/appEventos · adaptar Fetching.ts si surge GRAPHQL_VALIDATION_FAILED"
"editTotalStimatedGuests","mutation","Invitados","mutation ($evento_id:String, $children:Int, $adults:Int){ editTotalStimatedGuests(evento_id:$evento_id, children:$children, adults:$adults ){ presupuesto_total viewEstimates coste_estimado coste_final pagado currency visibleColumns { accessor show } totalStimatedGuests { children adults } categorias_array{ _id coste_proporcion coste_estimado coste_final pagado nombre gastos_array{ _id coste_proporcion coste_estimado coste_final pagado","api-mcp","editTotalStimatedGuests","exact-pending-validation","Nombre coincide. Validar schema args/return 1-1 (queries con args distintos detectados: getPsTemplate, crearEvento, updateActivity)","Probar callsite real con apps/appEventos · adaptar Fetching.ts si surge GRAPHQL_VALIDATION_FAILED"
"getPGuestEvent","query","Invitados","query($p:String){ getPGuestEvent(p:$p){ _id invitados_array{ _id sexo nombre estatus correo telefono asistencia alergenos passesQuantity father nombre_menu grupo_edad } menus_array{ nombre_menu tipo } } }","api-mcp-MISSING","","missing","No existe en api-mcp typeDefs (verificado SSH /var/www/api-production/src/graphql/typeDefs/)","Backend debe implementar en api-mcp · o decidir si deprecar callsite cliente"
"borraMenu","mutation","Mesas / Decoración","mutation ($eventID: String, $name: String) { borraMenu(evento_id:$eventID, nombre_menu: $name){ menus_array{ nombre_menu tipo } } }","api-mcp","borraMenu","exact-pending-validation","Nombre coincide. Validar schema args/return 1-1 (queries con args distintos detectados: getPsTemplate, crearEvento, updateActivity)","Probar callsite real con apps/appEventos · adaptar Fetching.ts si surge GRAPHQL_VALIDATION_FAILED"
"borraMesa","mutation","Mesas / Decoración","mutation ($eventID:String, $tableID: String) { borraMesa(evento_id:$eventID,mesa_id:$tableID) { mesas_array{ _id nombre_mesa tipo cantidad_sillas posicion { x y } } } }","api-mcp","borraMesa","exact-pending-validation","Nombre coincide. Validar schema args/return 1-1 (queries con args distintos detectados: getPsTemplate, crearEvento, updateActivity)","Probar callsite real con apps/appEventos · adaptar Fetching.ts si surge GRAPHQL_VALIDATION_FAILED"
"creaMenu","mutation","Mesas / Decoración","mutation ($eventID: String, $name: String) { creaMenu(evento_id:$eventID, nombre_menu: $name){ menus_array{ nombre_menu tipo } } }","api-mcp","creaMenu","exact-pending-validation","Nombre coincide. Validar schema args/return 1-1 (queries con args distintos detectados: getPsTemplate, crearEvento, updateActivity)","Probar callsite real con apps/appEventos · adaptar Fetching.ts si surge GRAPHQL_VALIDATION_FAILED"
"createElement","mutation","Mesas / Decoración","mutation ($eventID:ID, $planSpaceID: ID, $sectionID: ID, $values: String) { createElement(eventID:$eventID, planSpaceID:$planSpaceID, sectionID:$sectionID, values:$values) { _id title rotation position{ x y } size{ width height } tipo } }","api-mcp","createElement","exact-pending-validation","Nombre coincide. Validar schema args/return 1-1 (queries con args distintos detectados: getPsTemplate, crearEvento, updateActivity)","Probar callsite real con apps/appEventos · adaptar Fetching.ts si surge GRAPHQL_VALIDATION_FAILED"
"createGalerySvgs","mutation","Mesas / Decoración","mutation ($evento_id: ID, $galerySvgs:[inputGalerySvg]) { createGalerySvgs(evento_id: $evento_id, galerySvgs: $galerySvgs) { total results{ _id title icon tipo } } }","api-mcp","createGalerySvgs","exact-pending-validation","Nombre coincide. Validar schema args/return 1-1 (queries con args distintos detectados: getPsTemplate, crearEvento, updateActivity)","Probar callsite real con apps/appEventos · adaptar Fetching.ts si surge GRAPHQL_VALIDATION_FAILED"
"createTable","mutation","Mesas / Decoración","mutation ($eventID:ID, $planSpaceID: ID, $sectionID: ID, $values: String) { createTable(eventID:$eventID, planSpaceID:$planSpaceID, sectionID:$sectionID, values:$values) { _id title rotation position{ x y } size{ width height } tipo numberChair guests{ _id chair order } } }","api-mcp","createTable","exact-pending-validation","Nombre coincide. Validar schema args/return 1-1 (queries con args distintos detectados: getPsTemplate, crearEvento, updateActivity)","Probar callsite real con apps/appEventos · adaptar Fetching.ts si surge GRAPHQL_VALIDATION_FAILED"
"deleteElement","mutation","Mesas / Decoración","mutation ($eventID:ID, $planSpaceID: ID, $sectionID: ID, $elementID: ID) { deleteElement(eventID:$eventID, planSpaceID:$planSpaceID, sectionID:$sectionID, elementID:$elementID) }","api-mcp","deleteElement","exact-pending-validation","Nombre coincide. Validar schema args/return 1-1 (queries con args distintos detectados: getPsTemplate, crearEvento, updateActivity)","Probar callsite real con apps/appEventos · adaptar Fetching.ts si surge GRAPHQL_VALIDATION_FAILED"
"deleteGalerySvg","mutation","Mesas / Decoración","mutation ($evento_id: ID, $icon_id: ID) { deleteGalerySvg(evento_id: $evento_id, icon_id: $icon_id) }","api-mcp","deleteGalerySvg","exact","Deployed 2026-05-16 en api-mcp PROD (verificado smoke test con idToken real)","Sin cambio cliente — endpoint deployed con args idénticos"
"deleteTable","mutation","Mesas / Decoración","mutation ($eventID:ID, $planSpaceID: ID, $sectionID: ID, $tableID: ID) { deleteTable(eventID:$eventID, planSpaceID:$planSpaceID, sectionID:$sectionID, tableID:$tableID) }","api-mcp","deleteTable","exact-pending-validation","Nombre coincide. Validar schema args/return 1-1 (queries con args distintos detectados: getPsTemplate, crearEvento, updateActivity)","Probar callsite real con apps/appEventos · adaptar Fetching.ts si surge GRAPHQL_VALIDATION_FAILED"
"editElement","mutation","Mesas / Decoración","mutation ($eventID:ID, $planSpaceID: ID, $sectionID: ID, $elementID: ID, $variable: String, $valor: String) { editElement(eventID:$eventID, planSpaceID:$planSpaceID, sectionID:$sectionID, elementID:$elementID, variable:$variable, valor:$valor) { _id title rotation position{ x y } size{ width height } tipo } }","api-mcp","editElement","exact-pending-validation","Nombre coincide. Validar schema args/return 1-1 (queries con args distintos detectados: getPsTemplate, crearEvento, updateActivity)","Probar callsite real con apps/appEventos · adaptar Fetching.ts si surge GRAPHQL_VALIDATION_FAILED"
"editMesa","mutation","Mesas / Decoración","mutation ($eventID:String, $tableID: String, $variable: String, $coordenadas: [posicionAinput]) { editMesa(evento_id:$eventID,mesa_id:$tableID, variable_reemplazar:$variable, coordenadas:$coordenadas) { _id nombre_mesa posicion { x y } cantidad_sillas } }","api-mcp","editMesa","exact-pending-validation","Nombre coincide. Validar schema args/return 1-1 (queries con args distintos detectados: getPsTemplate, crearEvento, updateActivity)","Probar callsite real con apps/appEventos · adaptar Fetching.ts si surge GRAPHQL_VALIDATION_FAILED"
"editMesa","mutation","Mesas / Decoración","mutation ($eventID:String, $tableID: String, $variable: String, $valor_reemplazar: String) { editMesa(evento_id:$eventID,mesa_id:$tableID, variable_reemplazar:$variable, valor_reemplazar:$valor_reemplazar) { _id nombre_mesa posicion { x y } cantidad_sillas tipo } }","api-mcp","editMesa","exact-pending-validation","Nombre coincide. Validar schema args/return 1-1 (queries con args distintos detectados: getPsTemplate, crearEvento, updateActivity)","Probar callsite real con apps/appEventos · adaptar Fetching.ts si surge GRAPHQL_VALIDATION_FAILED"
"editTable","mutation","Mesas / Decoración","mutation ($eventID:ID, $planSpaceID: ID, $sectionID: ID, $tableID: ID, $variable: String, $valor: String) { editTable(eventID:$eventID, planSpaceID:$planSpaceID, sectionID:$sectionID, tableID:$tableID, variable:$variable, valor:$valor) { _id title rotation position{ x y } size{ width height } tipo numberChair guests{ _id chair order } } }","api-mcp","editTable","exact-pending-validation","Nombre coincide. Validar schema args/return 1-1 (queries con args distintos detectados: getPsTemplate, crearEvento, updateActivity)","Probar callsite real con apps/appEventos · adaptar Fetching.ts si surge GRAPHQL_VALIDATION_FAILED"
"getGalerySvgs","query","Mesas / Decoración","query ($evento_id: ID, $tipo: String) { getGalerySvgs(evento_id: $evento_id, tipo: $tipo) { total results{ _id title icon tipo } } }","api-mcp","getGalerySvgs","exact-pending-validation","Nombre coincide. Validar schema args/return 1-1 (queries con args distintos detectados: getPsTemplate, crearEvento, updateActivity)","Probar callsite real con apps/appEventos · adaptar Fetching.ts si surge GRAPHQL_VALIDATION_FAILED"
"createNotifications","mutation","Notificaciones","mutation ($args:inputNotifications){ createNotifications(args:$args){ total results{ _id } } }","api-mcp","createNotifications","exact-pending-validation","Nombre coincide. Validar schema args/return 1-1 (queries con args distintos detectados: getPsTemplate, crearEvento, updateActivity)","Probar callsite real con apps/appEventos · adaptar Fetching.ts si surge GRAPHQL_VALIDATION_FAILED"
"getNotifications","query","Notificaciones","query ($args:inputNotification, $sort:sortCriteriaNotification, $skip:Int, $limit:Int){ getNotifications(args:$args, sort:$sort, skip:$skip, limit:$limit){ total results{ _id uid message state type fromUid focused createdAt updatedAt } } }","api-mcp","getNotifications","exact-pending-validation","Nombre coincide. Validar schema args/return 1-1 (queries con args distintos detectados: getPsTemplate, crearEvento, updateActivity)","Probar callsite real con apps/appEventos · adaptar Fetching.ts si surge GRAPHQL_VALIDATION_FAILED"
"updateNotifications","mutation","Notificaciones","mutation ($args:inputNotification){ updateNotifications(args:$args) }","api-mcp","updateNotifications","exact-pending-validation","Nombre coincide. Validar schema args/return 1-1 (queries con args distintos detectados: getPsTemplate, crearEvento, updateActivity)","Probar callsite real con apps/appEventos · adaptar Fetching.ts si surge GRAPHQL_VALIDATION_FAILED"
"creaGrupo","mutation","Otros","mutation ($eventID: String, $name: String) { creaGrupo(evento_id:$eventID, nombre_grupo: $name){ grupos_array } }","api-mcp","creaGrupo","exact-pending-validation","Nombre coincide. Validar schema args/return 1-1 (queries con args distintos detectados: getPsTemplate, crearEvento, updateActivity)","Probar callsite real con apps/appEventos · adaptar Fetching.ts si surge GRAPHQL_VALIDATION_FAILED"
"editVisibleColumns","mutation","Otros","mutation ($evento_id:String, $visibleColumns:[inputVisibleColumn]){ editVisibleColumns(evento_id:$evento_id, visibleColumns:$visibleColumns ){ presupuesto_total viewEstimates coste_estimado coste_final pagado currency visibleColumns { accessor show } totalStimatedGuests { children adults } categorias_array{ _id coste_proporcion coste_estimado coste_final pagado nombre gastos_array{ _id coste_proporcion coste_","api-mcp","editVisibleColumns","exact-pending-validation","Nombre coincide. Validar schema args/return 1-1 (queries con args distintos detectados: getPsTemplate, crearEvento, updateActivity)","Probar callsite real con apps/appEventos · adaptar Fetching.ts si surge GRAPHQL_VALIDATION_FAILED"
"signOut","mutation","Otros","mutation ($sessionCookie :String){ signOut(sessionCookie:$sessionCookie) }","api-mcp","signOut","exact-pending-validation","Nombre coincide. Validar schema args/return 1-1 (queries con args distintos detectados: getPsTemplate, crearEvento, updateActivity)","Probar callsite real con apps/appEventos · adaptar Fetching.ts si surge GRAPHQL_VALIDATION_FAILED"
"status","mutation","Otros","mutation ($sessionCookie : String){ status(sessionCookie: $sessionCookie){ customToken } }","api-mcp","status","exact-pending-validation","Nombre coincide. Validar schema args/return 1-1 (queries con args distintos detectados: getPsTemplate, crearEvento, updateActivity)","Probar callsite real con apps/appEventos · adaptar Fetching.ts si surge GRAPHQL_VALIDATION_FAILED"
"addWeddingPlannerIngreso","mutation","Presupuesto / Plan Espacios","mutation($evento_id:String, $weddingPlannerIngreso:WeddingPlannerIngresoInput ){ addWeddingPlannerIngreso(evento_id:$evento_id, weddingPlannerIngreso:$weddingPlannerIngreso){ _id fecha monto metodo referencia createdAt updatedAt } }","api-mcp","addWeddingPlannerIngreso","exact-pending-validation","Nombre coincide. Validar schema args/return 1-1 (queries con args distintos detectados: getPsTemplate, crearEvento, updateActivity)","Probar callsite real con apps/appEventos · adaptar Fetching.ts si surge GRAPHQL_VALIDATION_FAILED"
"borraCategoria","mutation","Presupuesto / Plan Espacios","mutation( $evento_id:String $categoria_id:String){ borraCategoria(evento_id:$evento_id, categoria_id: $categoria_id){ coste_final } }","api-mcp","borraCategoria","exact-pending-validation","Nombre coincide. Validar schema args/return 1-1 (queries con args distintos detectados: getPsTemplate, crearEvento, updateActivity)","Probar callsite real con apps/appEventos · adaptar Fetching.ts si surge GRAPHQL_VALIDATION_FAILED"
"borraGasto","mutation","Presupuesto / Plan Espacios","mutation($evento_id: String, $categoria_id: String, $gasto_id: String){ borraGasto(evento_id:$evento_id, categoria_id:$categoria_id,gasto_id:$gasto_id){ coste_final coste_estimado pagado categorias_array { coste_estimado coste_final pagado } } }","api-mcp","borraGasto","exact-pending-validation","Nombre coincide. Validar schema args/return 1-1 (queries con args distintos detectados: getPsTemplate, crearEvento, updateActivity)","Probar callsite real con apps/appEventos · adaptar Fetching.ts si surge GRAPHQL_VALIDATION_FAILED"
"borraItemsGastos","mutation","Presupuesto / Plan Espacios","mutation($evento_id: ID, $categoria_id: ID, $gasto_id: ID, $itemsGastos_ids: [ID]){ borraItemsGastos(evento_id:$evento_id, categoria_id:$categoria_id, gasto_id:$gasto_id, itemsGastos_ids:$itemsGastos_ids){ presupuesto_total viewEstimates coste_estimado coste_final pagado currency visibleColumns { accessor show } totalStimatedGuests{ children adults } categorias_array{ _id coste_proporcion coste_estimado coste_final pagado nombre gastos_a","api-mcp","borraItemsGastos","exact-pending-validation","Nombre coincide. Validar schema args/return 1-1 (queries con args distintos detectados: getPsTemplate, crearEvento, updateActivity)","Probar callsite real con apps/appEventos · adaptar Fetching.ts si surge GRAPHQL_VALIDATION_FAILED"
"borraPago","mutation","Presupuesto / Plan Espacios","mutation($evento_id:String, $categoria_id:String, $gasto_id:String, $pago_id:String){ borraPago(evento_id:$evento_id, categoria_id:$categoria_id, gasto_id:$gasto_id, pago_id:$pago_id){ pagado categorias_array{ pagado gastos_array{ pagado } } } }","api-mcp","borraPago","exact-pending-validation","Nombre coincide. Validar schema args/return 1-1 (queries con args distintos detectados: getPsTemplate, crearEvento, updateActivity)","Probar callsite real con apps/appEventos · adaptar Fetching.ts si surge GRAPHQL_VALIDATION_FAILED"
"createPsTemplate","mutation","Presupuesto / Plan Espacios","mutation ($eventID:ID, $planSpaceID:ID, $title:String, $uid:String ) { createPsTemplate(eventID:$eventID, planSpaceID:$planSpaceID, title:$title, uid:$uid) { _id title } }","api-mcp","createPsTemplate","exact-pending-validation","Nombre coincide. Validar schema args/return 1-1 (queries con args distintos detectados: getPsTemplate, crearEvento, updateActivity)","Probar callsite real con apps/appEventos · adaptar Fetching.ts si surge GRAPHQL_VALIDATION_FAILED"
"deleteWeddingPlannerIngreso","mutation","Presupuesto / Plan Espacios","mutation($evento_id:String, $weddingPlannerIngreso_id:ID){ deleteWeddingPlannerIngreso(evento_id:$evento_id, weddingPlannerIngreso_id:$weddingPlannerIngreso_id) }","api-mcp","deleteWeddingPlannerIngreso","exact-pending-validation","Nombre coincide. Validar schema args/return 1-1 (queries con args distintos detectados: getPsTemplate, crearEvento, updateActivity)","Probar callsite real con apps/appEventos · adaptar Fetching.ts si surge GRAPHQL_VALIDATION_FAILED"
"duplicatePresupuesto","mutation","Presupuesto / Plan Espacios","mutation ($eventID:String, $eventDestinationID:String){ duplicatePresupuesto(eventID:$eventID, eventDestinationID:$eventDestinationID ){ presupuesto_total viewEstimates coste_estimado coste_final pagado currency visibleColumns { accessor show } totalStimatedGuests{ children adults } categorias_array{ _id coste_proporcion coste_estimado coste_final pagado nombre gastos_array{ _id coste_proporcion coste_estimado coste_final pagado nomb","api-mcp","duplicatePresupuesto","exact-pending-validation","Nombre coincide. Validar schema args/return 1-1 (queries con args distintos detectados: getPsTemplate, crearEvento, updateActivity)","Probar callsite real con apps/appEventos · adaptar Fetching.ts si surge GRAPHQL_VALIDATION_FAILED"
"editCategoria","mutation","Presupuesto / Plan Espacios","mutation( $evento_id:String $categoria_id:String $nombre:String){ editCategoria(evento_id:$evento_id, categoria_id: $categoria_id, nombre: $nombre){ coste_estimado coste_final pagado currency } }","api-mcp","editCategoria","exact-pending-validation","Nombre coincide. Validar schema args/return 1-1 (queries con args distintos detectados: getPsTemplate, crearEvento, updateActivity)","Probar callsite real con apps/appEventos · adaptar Fetching.ts si surge GRAPHQL_VALIDATION_FAILED"
"editGasto","mutation","Presupuesto / Plan Espacios","mutation($evento_id: ID, $categoria_id: ID, $gasto_id: ID, $variable_reemplazar: String, $valor_reemplazar: StringIntBool){ editGasto(evento_id:$evento_id, categoria_id:$categoria_id, gasto_id:$gasto_id, variable_reemplazar:$variable_reemplazar, valor_reemplazar:$valor_reemplazar){ presupuesto_total viewEstimates coste_estimado coste_final pagado currency visibleColumns { accessor show } totalStimated","api-mcp","editGasto","exact-pending-validation","Nombre coincide. Validar schema args/return 1-1 (queries con args distintos detectados: getPsTemplate, crearEvento, updateActivity)","Probar callsite real con apps/appEventos · adaptar Fetching.ts si surge GRAPHQL_VALIDATION_FAILED"
"editItemGasto","mutation","Presupuesto / Plan Espacios","mutation($evento_id: ID ,$categoria_id: ID, $gasto_id: ID, $itemGasto_id: ID, $variable: String, $valor: StringIntBool){ editItemGasto(evento_id:$evento_id, categoria_id: $categoria_id, gasto_id: $gasto_id, itemGasto_id: $itemGasto_id, variable: $variable, valor: $valor){ presupuesto_total viewEstimates coste_estimado coste_final pagado currency visibleColumns { accessor show } totalStimatedGuests{ children adults } categorias_array{ _id coste_proporcion coste_estimado","api-mcp","editItemGasto","exact-pending-validation","Nombre coincide. Validar schema args/return 1-1 (queries con args distintos detectados: getPsTemplate, crearEvento, updateActivity)","Probar callsite real con apps/appEventos · adaptar Fetching.ts si surge GRAPHQL_VALIDATION_FAILED"
"editPago","mutation","Presupuesto / Plan Espacios","mutation($evento_id:String, $categoria_id:String, $gasto_id: String, $pago_id:String,$pagos_array:pagos_arrayAinput){ editPago(evento_id:$evento_id, categoria_id:$categoria_id, gasto_id:$gasto_id,pago_id:$pago_id, pagos_array:$pagos_array){ categorias_array{ pagado gastos_array{ pagado pagos_array{ _id estado fecha_creacion fecha_pago fe","api-mcp","editPago","exact-pending-validation","Nombre coincide. Validar schema args/return 1-1 (queries con args distintos detectados: getPsTemplate, crearEvento, updateActivity)","Probar callsite real con apps/appEventos · adaptar Fetching.ts si surge GRAPHQL_VALIDATION_FAILED"
"editPresupuesto","mutation","Presupuesto / Plan Espacios","mutation($evento_id:String, $coste_estimado:Float, $viewEstimates:Boolean, $presupuesto_total:Float ){ editPresupuesto( evento_id:$evento_id, coste_estimado:$coste_estimado, viewEstimates:$viewEstimates, presupuesto_total:$presupuesto_total){ presupuesto_total viewEstimates coste_final coste_estimado pagado currency visibleColumns { accessor show } totalStimatedGuests{ children adults } categorias_array { _id coste_proporcion coste_estimado coste_final","api-mcp","editPresupuesto","exact-pending-validation","Nombre coincide. Validar schema args/return 1-1 (queries con args distintos detectados: getPsTemplate, crearEvento, updateActivity)","Probar callsite real con apps/appEventos · adaptar Fetching.ts si surge GRAPHQL_VALIDATION_FAILED"
"getPlanSpaceSelect","query","Presupuesto / Plan Espacios","query ($evento_id: ID, $isOwner: Boolean) { getPlanSpaceSelect(evento_id: $evento_id, isOwner: $isOwner) }","api-mcp","getPlanSpaceSelect","exact-pending-validation","Nombre coincide. Validar schema args/return 1-1 (queries con args distintos detectados: getPsTemplate, crearEvento, updateActivity)","Probar callsite real con apps/appEventos · adaptar Fetching.ts si surge GRAPHQL_VALIDATION_FAILED"
"getPsTemplate","query","Presupuesto / Plan Espacios","query ($uid: String, $evento_id: ID!, $development: String!) { getPsTemplate(uid: $uid, evento_id: $evento_id, development: $development) { _id title } }","api-mcp","getPsTemplate","exact-pending-validation","Nombre coincide. Validar schema args/return 1-1 (queries con args distintos detectados: getPsTemplate, crearEvento, updateActivity)","Probar callsite real con apps/appEventos · adaptar Fetching.ts si surge GRAPHQL_VALIDATION_FAILED"
"nuevoCategoria","mutation","Presupuesto / Plan Espacios","mutation ($evento_id: String, $nombre: String){ nuevoCategoria(evento_id:$evento_id, nombre:$nombre){ _id coste_proporcion coste_estimado coste_final pagado nombre gastos_array { _id coste_estimado coste_final pagado nombre pagos_array { _id estado fecha_creacion fecha_pago fecha_vencimiento medio_pago importe } items_array{ _id next_id unidad cantidad nombre","api-mcp","nuevoCategoria","exact-pending-validation","Nombre coincide. Validar schema args/return 1-1 (queries con args distintos detectados: getPsTemplate, crearEvento, updateActivity)","Probar callsite real con apps/appEventos · adaptar Fetching.ts si surge GRAPHQL_VALIDATION_FAILED"
"nuevoGasto","mutation","Presupuesto / Plan Espacios","mutation($evento_id: String ,$categoria_id: String, $nombre: String){ nuevoGasto(evento_id:$evento_id, categoria_id:$categoria_id,nombre:$nombre){ _id coste_proporcion coste_estimado coste_final pagado nombre linkTask estatus pagos_array{ _id estado fecha_creacion fecha_pago fecha_vencimiento medio_pago importe","api-mcp","nuevoGasto","exact-pending-validation","Nombre coincide. Validar schema args/return 1-1 (queries con args distintos detectados: getPsTemplate, crearEvento, updateActivity)","Probar callsite real con apps/appEventos · adaptar Fetching.ts si surge GRAPHQL_VALIDATION_FAILED"
"nuevoItemGasto","mutation","Presupuesto / Plan Espacios","mutation($evento_id: ID, $categoria_id: ID, $gasto_id: ID, $itemGasto:itemGastoInput){ nuevoItemGasto(evento_id:$evento_id, categoria_id:$categoria_id, gasto_id:$gasto_id, itemGasto:$itemGasto){ _id next_id unidad cantidad nombre valor_unitario total estatus fecha_creacion } }","api-mcp","nuevoItemGasto","exact-pending-validation","Nombre coincide. Validar schema args/return 1-1 (queries con args distintos detectados: getPsTemplate, crearEvento, updateActivity)","Probar callsite real con apps/appEventos · adaptar Fetching.ts si surge GRAPHQL_VALIDATION_FAILED"
"nuevoPago","mutation","Presupuesto / Plan Espacios","mutation($evento_id:String, $categoria_id:String, $gasto_id: String,$pagos_array:[pagos_arrayAinput]){ nuevoPago(evento_id:$evento_id, categoria_id:$categoria_id, gasto_id:$gasto_id, pagos_array:$pagos_array){ pagado categorias_array{ pagado gastos_array{ _id coste_proporcion coste_estimado coste_final pagado nombre linkTask","api-mcp","nuevoPago","exact-pending-validation","Nombre coincide. Validar schema args/return 1-1 (queries con args distintos detectados: getPsTemplate, crearEvento, updateActivity)","Probar callsite real con apps/appEventos · adaptar Fetching.ts si surge GRAPHQL_VALIDATION_FAILED"
"setPlanSpaceSelect","mutation","Presupuesto / Plan Espacios","mutation ($evento_id: ID, $planSpaceSelect: ID, $isOwner: Boolean) { setPlanSpaceSelect(evento_id: $evento_id, planSpaceSelect: $planSpaceSelect, isOwner: $isOwner) }","api-mcp","setPlanSpaceSelect","exact-pending-validation","Nombre coincide. Validar schema args/return 1-1 (queries con args distintos detectados: getPsTemplate, crearEvento, updateActivity)","Probar callsite real con apps/appEventos · adaptar Fetching.ts si surge GRAPHQL_VALIDATION_FAILED"
"addTaskAttachments","mutation","Tareas / Itinerario","mutation ($eventID: String, $itinerarioID: String, $taskID: String, $attachment: inputFileData) { addTaskAttachments(eventID: $eventID, itinerarioID: $itinerarioID, taskID: $taskID, attachment: $attachment) }","api-mcp","addTaskAttachments","exact-pending-validation","Nombre coincide. Validar schema args/return 1-1 (queries con args distintos detectados: getPsTemplate, crearEvento, updateActivity)","Probar callsite real con apps/appEventos · adaptar Fetching.ts si surge GRAPHQL_VALIDATION_FAILED"
"createItinerario","mutation","Tareas / Itinerario","mutation ($eventID:String, $title:String, $dateTime:String, $tipo:String, $next_id:ID){ createItinerario(eventID:$eventID, title:$title, dateTime:$dateTime, tipo:$tipo, next_id:$next_id ){ _id next_id title tasks{ _id fecha hora horaActiva icon descripcion responsable duracion tags tips estatus attachments{ _id name url size createdAt updatedAt } spectatorView comments{ _id","api-mcp","createItinerario","exact-pending-validation","Nombre coincide. Validar schema args/return 1-1 (queries con args distintos detectados: getPsTemplate, crearEvento, updateActivity)","Probar callsite real con apps/appEventos · adaptar Fetching.ts si surge GRAPHQL_VALIDATION_FAILED"
"createTask","mutation","Tareas / Itinerario","mutation ($eventID:String, $itinerarioID:String, $fecha:String, $descripcion:String, $hora:String, $duracion:Int){ createTask(eventID:$eventID, itinerarioID:$itinerarioID, fecha:$fecha, descripcion:$descripcion, hora:$hora, duracion:$duracion ){ _id fecha hora horaActiva icon descripcion responsable duracion tags tips estatus attachments{ _id name url size createdAt updatedAt } spectatorView comments{ _id comment uid creat","api-mcp","createTask","exact-pending-validation","Nombre coincide. Validar schema args/return 1-1 (queries con args distintos detectados: getPsTemplate, crearEvento, updateActivity)","Probar callsite real con apps/appEventos · adaptar Fetching.ts si surge GRAPHQL_VALIDATION_FAILED"
"deleteTaskAttachment","mutation","Tareas / Itinerario","mutation ($eventID: String, $itinerarioID: String, $taskID: String, $attachmentID: String) { deleteTaskAttachment(eventID: $eventID, itinerarioID: $itinerarioID, taskID: $taskID, attachmentID: $attachmentID) }","api-mcp","deleteTaskAttachment","exact-pending-validation","Nombre coincide. Validar schema args/return 1-1 (queries con args distintos detectados: getPsTemplate, crearEvento, updateActivity)","Probar callsite real con apps/appEventos · adaptar Fetching.ts si surge GRAPHQL_VALIDATION_FAILED"
"duplicateItinerario","mutation","Tareas / Itinerario","mutation ($eventID:String, $itinerarioID:String, $eventDestinationID:String, $next_id:ID, $storageBucket:String){ duplicateItinerario(eventID:$eventID, itinerarioID:$itinerarioID, eventDestinationID:$eventDestinationID, next_id:$next_id, storageBucket:$storageBucket){ _id next_id title tasks{ _id fecha hora horaActiva icon descripcion responsable duracion tags tips estatus attachments{ _id name url size createdAt","api-mcp","duplicateItinerario","exact-pending-validation","Nombre coincide. Validar schema args/return 1-1 (queries con args distintos detectados: getPsTemplate, crearEvento, updateActivity)","Probar callsite real con apps/appEventos · adaptar Fetching.ts si surge GRAPHQL_VALIDATION_FAILED"
"editItinerario","mutation","Tareas / Itinerario","mutation ($eventID:String, $itinerarioID:String, $variable:String, $valor:String, $next_id:ID){ editItinerario(eventID:$eventID itinerarioID:$itinerarioID, variable:$variable, valor:$valor, next_id:$next_id ) }","api-mcp","editItinerario","exact-pending-validation","Nombre coincide. Validar schema args/return 1-1 (queries con args distintos detectados: getPsTemplate, crearEvento, updateActivity)","Probar callsite real con apps/appEventos · adaptar Fetching.ts si surge GRAPHQL_VALIDATION_FAILED"
"editTask","mutation","Tareas / Itinerario","mutation ($eventID:String, $itinerarioID:String, $taskID:String, $variable:String, $valor:String){ editTask(eventID:$eventID itinerarioID:$itinerarioID taskID:$taskID variable:$variable valor:$valor ) }","api-mcp","editTask","exact-pending-validation","Nombre coincide. Validar schema args/return 1-1 (queries con args distintos detectados: getPsTemplate, crearEvento, updateActivity)","Probar callsite real con apps/appEventos · adaptar Fetching.ts si surge GRAPHQL_VALIDATION_FAILED"
"singleUpload","mutation","Uploads / Media","mutation($file:Upload!,$use:String) { singleUpload(file:$file,use:$use){ _id i640 } }","api-mcp","singleUpload","exact-pending-validation","Nombre coincide. Validar schema args/return 1-1 (queries con args distintos detectados: getPsTemplate, crearEvento, updateActivity)","Probar callsite real con apps/appEventos · adaptar Fetching.ts si surge GRAPHQL_VALIDATION_FAILED"
"uploadBase64MediaToFacebook","mutation","Uploads / Media","mutation($base64Image: String!, $fileName: String!, $development: String){ uploadBase64MediaToFacebook(base64Image: $base64Image, fileName: $fileName, development: $development){ success handle message error } }","api-mcp","uploadBase64MediaToFacebook","exact","Deployed 2026-05-16 en api-mcp PROD (verificado smoke test con idToken real)","Sin cambio cliente — endpoint deployed con args idénticos"
"uploadMediaToFacebook","mutation","Uploads / Media","mutation($fileName: String!, $fileBuffer: String!, $fileType: String!, $development: String){ uploadMediaToFacebook(fileName: $fileName, fileBuffer: $fileBuffer, fileType: $fileType, development: $development){ success handle message error } }","api-mcp","uploadMediaToFacebook","exact","Deployed 2026-05-16 en api-mcp PROD (verificado smoke test con idToken real)","Sin cambio cliente — endpoint deployed con args idénticos"
"createWhatsappInvitationTemplate","mutation","WhatsApp","mutation($evento_id:ID, $data: JSON){ createWhatsappInvitationTemplate(evento_id:$evento_id, data:$data) }","api-mcp","createWhatsappInvitationTemplate","exact","Deployed 2026-05-16 en api-mcp PROD (verificado smoke test con idToken real)","Sin cambio cliente — endpoint deployed con args idénticos"
"createWhatsappTemplate","mutation","WhatsApp","mutation( $data:JSON, $development:String!){ createWhatsappTemplate(data:$data, development:$development){ _id title content createdAt } }","api-mcp","createWhatsappInvitationTemplate","alias","Alias trivial cliente → api-mcp","Cliente: renombrar `createWhatsappTemplate` → `createWhatsappInvitationTemplate` en Fetching.ts"
"deleteWhatsappInvitationTemplate","mutation","WhatsApp","mutation($evento_id:ID, $template_id: ID){ deleteWhatsappInvitationTemplate(evento_id:$evento_id, template_id:$template_id) }","api-mcp","deleteWhatsappInvitationTemplate","exact","Deployed 2026-05-16 en api-mcp PROD (verificado smoke test con idToken real)","Sin cambio cliente — endpoint deployed con args idénticos"
"getWhatsappInvitationTemplates","query","WhatsApp","query($evento_id:ID){ getWhatsappInvitationTemplates(evento_id:$evento_id) }","api-mcp","getWhatsappInvitationTemplates","exact-pending-validation","Nombre coincide. Validar schema args/return 1-1 (queries con args distintos detectados: getPsTemplate, crearEvento, updateActivity)","Probar callsite real con apps/appEventos · adaptar Fetching.ts si surge GRAPHQL_VALIDATION_FAILED"
"updateWhatsappInvitationTemplate","mutation","WhatsApp","mutation($evento_id:ID, $template_id: ID, $data: JSON){ updateWhatsappInvitationTemplate(evento_id:$evento_id, template_id:$template_id, data:$data){ _id } }","api-mcp","updateWhatsappInvitationTemplate","exact","Deployed 2026-05-16 en api-mcp PROD (verificado smoke test con idToken real)","Sin cambio cliente — endpoint deployed con args idénticos"
"whatsappCreateSession","mutation","WhatsApp","mutation ($args: CreateWhatsAppSessionArgs!) { whatsappCreateSession(args: $args) { success session { id development userId isConnected qrCode phoneNumber connectionTime lastActivity } qrCode error } }","api-mcp","whatsappCreateSession","exact-pending-validation","Nombre coincide. Validar schema args/return 1-1 (queries con args distintos detectados: getPsTemplate, crearEvento, updateActivity)","Probar callsite real con apps/appEventos · adaptar Fetching.ts si surge GRAPHQL_VALIDATION_FAILED"
"whatsappDisconnectSession","mutation","WhatsApp","mutation ($args: DisconnectWhatsAppSessionArgs!) { whatsappDisconnectSession(args: $args) { success error } }","api-mcp","whatsappDisconnectSession","exact-pending-validation","Nombre coincide. Validar schema args/return 1-1 (queries con args distintos detectados: getPsTemplate, crearEvento, updateActivity)","Probar callsite real con apps/appEventos · adaptar Fetching.ts si surge GRAPHQL_VALIDATION_FAILED"
"whatsappGetSession","query","WhatsApp","query ($args: GetWhatsAppSessionArgs!) { whatsappGetSession(args: $args) { id development userId isConnected qrCode phoneNumber connectionTime lastActivity } }","api-mcp","whatsappGetSession","exact-pending-validation","Nombre coincide. Validar schema args/return 1-1 (queries con args distintos detectados: getPsTemplate, crearEvento, updateActivity)","Probar callsite real con apps/appEventos · adaptar Fetching.ts si surge GRAPHQL_VALIDATION_FAILED"
"whatsappRegenerateQR","mutation","WhatsApp","mutation ($sessionId: String!) { whatsappRegenerateQR(sessionId: $sessionId) { success session { id development userId isConnected qrCode phoneNumber connectionTime lastActivity } qrCode error } }","api-mcp","whatsappRegenerateQR","exact-pending-validation","Nombre coincide. Validar schema args/return 1-1 (queries con args distintos detectados: getPsTemplate, crearEvento, updateActivity)","Probar callsite real con apps/appEventos · adaptar Fetching.ts si surge GRAPHQL_VALIDATION_FAILED"
"whatsappSendMessage","mutation","WhatsApp","mutation ($args: SendWhatsAppMessageArgs!) { whatsappSendMessage(args: $args) { success messageId error } }","api-mcp","whatsappSendMessage","exact-pending-validation","Nombre coincide. Validar schema args/return 1-1 (queries con args distintos detectados: getPsTemplate, crearEvento, updateActivity)","Probar callsite real con apps/appEventos · adaptar Fetching.ts si surge GRAPHQL_VALIDATION_FAILED"
"auth","mutation","Auth / Usuario","mutation ($idToken : String!){ auth(idToken: $idToken){ sessionCookie } }","out-of-scope","","out-of-scope","Domain Auth / Usuario fuera de scope migración apiapp→api-mcp (informe aparte)","Mantener en api.bodasdehoy.com (3 backends coexisten por diseño)"
"createUser","mutation","Auth / Usuario","mutation ($uid : ID, $city: String, $country : String, $weddingDate : String, $phoneNumber : String, $role : [String]) { createUser(uid: $uid, city : $city, country : $country, weddingDate : $weddingDate, phoneNumber : $phoneNumber, role: $role){ city country weddingDate phoneNumber role } }","out-of-scope","","out-of-scope","Domain Auth / Usuario fuera de scope migración apiapp→api-mcp (informe aparte)","Mantener en api.bodasdehoy.com (3 backends coexisten por diseño)"
"createUserWithPassword","mutation","Auth / Usuario","mutation($email:String, $password:String) { createUserWithPassword(email:$email, password:$password) }","out-of-scope","","out-of-scope","Domain Auth / Usuario fuera de scope migración apiapp→api-mcp (informe aparte)","Mantener en api.bodasdehoy.com (3 backends coexisten por diseño)"
"getPreregister","query","Auth / Usuario","query ($_id :ID){ getPreregister(_id:$_id) }","out-of-scope","","out-of-scope","Domain Auth / Usuario fuera de scope migración apiapp→api-mcp (informe aparte)","Mantener en api.bodasdehoy.com (3 backends coexisten por diseño)"
"getUser","query","Auth / Usuario","query ($uid: ID) { getUser(uid:$uid){ email photoURL onLine{ status } displayName phoneNumber role typeRole city country weddingDate signUpProgress status eventSelected createdAt updatedAt } }","out-of-scope","","out-of-scope","Domain Auth / Usuario fuera de scope migración apiapp→api-mcp (informe aparte)","Mantener en api.bodasdehoy.com (3 backends coexisten por diseño)"
"getUsers","query","Auth / Usuario","query ($uids:[ID]){ getUsers(uids:$uids){ uid email displayName photoURL onLine{ status dateConection } } }","out-of-scope","","out-of-scope","Domain Auth / Usuario fuera de scope migración apiapp→api-mcp (informe aparte)","Mantener en api.bodasdehoy.com (3 backends coexisten por diseño)"
"updateUser","mutation","Auth / Usuario","mutation ($uid:ID, $variable:String, $valor:String){ updateUser(uid:$uid, variable:$variable, valor:$valor){ city country } }","out-of-scope","","out-of-scope","Domain Auth / Usuario fuera de scope migración apiapp→api-mcp (informe aparte)","Mantener en api.bodasdehoy.com (3 backends coexisten por diseño)"
"getAllBusinesses","query","Directorio (Business/Products)","query ($criteria :searchCriteriaBusiness, $sort : sortCriteriaBusiness, $skip :Int, $limit : Int, $development: String!) { getAllBusinesses(searchCriteria:$criteria, sort: $sort, skip: $skip, limit: $limit, development: $development){ total results{ _id city businessName slug content imgMiniatura{ i1024 i800 i640 i320 } } } }","out-of-scope","","out-of-scope","Domain Directorio (Business/Products) fuera de scope migración apiapp→api-mcp (informe aparte)","Mantener en api.bodasdehoy.com (3 backends coexisten por diseño)"
"getAllProducts","query","Directorio (Business/Products)","query ($grupo:String) { getAllProducts(grupo:$grupo){ currency total results{ id name description images usage subscriptionId current_period_start current_period_end prices{ id currency unit_amount recurring{ interval trial_period_days } } metadata{ grupo includes segmento tipo caracteristica } } // ... (truncado)","out-of-scope","","out-of-scope","Domain Directorio (Business/Products) fuera de scope migración apiapp→api-mcp (informe aparte)","Mantener en api.bodasdehoy.com (3 backends coexisten por diseño)"
"createCheckoutSession","mutation","Stripe / Billing","mutation ($items:[inputItemsCheckout], $email:String, $cancel_url:String, $mode:String, $success_url:String){ createCheckoutSession(items:$items, email:$email, cancel_url:$cancel_url, mode:$mode, success_url:$success_url) }","out-of-scope","","out-of-scope","Domain Stripe / Billing fuera de scope migración apiapp→api-mcp (informe aparte)","Mantener en api.bodasdehoy.com (3 backends coexisten por diseño)"
"getCheckoutItems","query","Stripe / Billing","query ( $unique:ID ) { getCheckoutItems(unique:$unique){ currency amount name price quantity } }","out-of-scope","","out-of-scope","Domain Stripe / Billing fuera de scope migración apiapp→api-mcp (informe aparte)","Mantener en api.bodasdehoy.com (3 backends coexisten por diseño)"
"setCheckoutItems","mutation","Stripe / Billing","mutation ( $unique:ID, $args:[inputDetailsItemsCheckout] ) { setCheckoutItems(unique:$unique, args:$args) }","out-of-scope","","out-of-scope","Domain Stripe / Billing fuera de scope migración apiapp→api-mcp (informe aparte)","Mantener en api.bodasdehoy.com (3 backends coexisten por diseño)"
"updateCustomer","mutation","Stripe / Billing","mutation($args:inputCustomer){ updateCustomer(args:$args) }","out-of-scope","","out-of-scope","Domain Stripe / Billing fuera de scope migración apiapp→api-mcp (informe aparte)","Mantener en api.bodasdehoy.com (3 backends coexisten por diseño)"
